Étiquettes de lignes;;;Étiquettes de lignes
.;;;128.1.77.226
192.168.190.222;;;52.94.225.248.http:
P.;;;52.94.237.74.http:
192.168.190.222;;;164.100.61.151
BP-Linux8;;;52.94.228.167.http:
S;;;192.168.115
128.1.77.226;;;BP-Linux8:
164.100.61.151;;;192.168.190.222
(vide);;;BP-Linux8.ssh:
192.168.115;;;BP-Linux8
BP-Linux8;;;192.168.190.222.61599:
ns1.lan.rt;;;192.168.190.222.61604:
(vide);;;192.168.190.222.61613:
Total général;;;192.168.190.222.61617:
;;;ns1.lan.rt.domain:
;;;ns1.lan.rt
;;;BP-Linux8.34664:
;;;BP-Linux8.38841:
;;;BP-Linux8.39179:
;;;BP-Linux8.43741:
;;;BP-Linux8.44238:
;;;BP-Linux8.44960:
;;;BP-Linux8.49710:
;;;BP-Linux8.50005:
;;;BP-Linux8.50448:
;;;BP-Linux8.54575:
;;;BP-Linux8.55872:
;;;BP-Linux8.59289:
;;;(vide)
;;;192.168.115.255:
;;;(vide)
;;;Total général
